{
  "camera_matrix": [
    [
      985.494085491406,
      0.0,
      648.8455340134335
    ],
    [
      0.0,
      984.5469534943755,
      362.4814617615293
    ],
    [
      0.0,
      0.0,
      1.0
    ]
  ],
  "dist_coeffs": [
    [
      -0.002775658297191104,
      0.08246363110283289,
      -0.003953697835956738,
      0.001294163684058849,
      -0.25022379925720484
    ]
  ],
  "rvec": [
    [
      3.104182624970239,
      0.004842210712584137,
      0.1105175834994954
    ]
  ],
  "tvec": [
    [
      0.08356642842034846,
      0.13169285881856474,
      0.5843359131793852
    ]
  ]
}