{
  "camera_matrix": [
    [
      985.494085491406,
      0.0,
      648.8455340134335
    ],
    [
      0.0,
      984.5469534943755,
      362.4814617615293
    ],
    [
      0.0,
      0.0,
      1.0
    ]
  ],
  "dist_coeffs": [
    [
      -0.002775658297191104,
      0.08246363110283289,
      -0.003953697835956738,
      0.001294163684058849,
      -0.25022379925720484
    ]
  ],
  "rvec": [
    [
      3.1032522199596992,
      0.012140235663322738,
      0.08079019559530848
    ]
  ],
  "tvec": [
    [
      -0.042622886980482416,
      0.010738886651392276,
      0.5405863773096188
    ]
  ]
}