{
  "camera_matrix": [
    [
      985.494085491406,
      0.0,
      648.8455340134335
    ],
    [
      0.0,
      984.5469534943755,
      362.4814617615293
    ],
    [
      0.0,
      0.0,
      1.0
    ]
  ],
  "dist_coeffs": [
    [
      -0.002775658297191104,
      0.08246363110283289,
      -0.003953697835956738,
      0.001294163684058849,
      -0.25022379925720484
    ]
  ],
  "rvec": [
    [
      3.0923653243117255,
      -0.03107401876065167,
      0.040629999181672635
    ]
  ],
  "tvec": [
    [
      0.11145073984119233,
      0.13336983935794158,
      0.5769769565840875
    ]
  ]
}