{
  "camera_matrix": [
    [
      985.494085491406,
      0.0,
      648.8455340134335
    ],
    [
      0.0,
      984.5469534943755,
      362.4814617615293
    ],
    [
      0.0,
      0.0,
      1.0
    ]
  ],
  "dist_coeffs": [
    [
      -0.002775658297191104,
      0.08246363110283289,
      -0.003953697835956738,
      0.001294163684058849,
      -0.25022379925720484
    ]
  ],
  "rvec": [
    [
      3.085924178502885,
      -0.02273190261747817,
      0.006313104071196646
    ]
  ],
  "tvec": [
    [
      -0.004441022865715286,
      0.014922652058874197,
      0.6135339908370467
    ]
  ]
}